Hex Code,Palette ID
#8c9485,1
#5b2c35,1
#601616,1
#4ff0fc,1
#89a6c4,1
#5e69e6,2
#99ffcc,2
#475b7a,2
#79715a,2
#ae1919,2
#ad2f42,3
#bb6846,3
#c49e55,3
#610023,3
#7ab3e5,3
#7b7976,4
#866154,4
#2c2414,4
#fb6926,4
#d7c7e1,4
#f7efc8,5
#410000,5
#c0a38a,5
#a89885,5
#40b3af,5
#168aad,6
#1e1e24,6
#70727c,6
#b28874,6
#ff671e,6
#bce4e4,7
#a42b72,7
#3c140c,7
#f85a2c,7
#f5fffa,7
#c97b63,8
#b47c64,8
#d1c0c8,8
#ffa4a4,8
#af4035,8
#37ab50,9
#f1c7a5,9
#ffe8a4,9
#e2c141,9
#2c1a1a,9
#ccc6ce,10
#f2c791,10
#5bb6b6,10
#a59c64,10
#ffd404,10
#ff2555,11
#2e5980,11
#1f3c5a,11
#d7d2ac,11
#b45f06,11
#c36dad,12
#440439,12
#fbdb93,12
#9b0216,12
#e3f6ff,12
#ac0a33,13
#d2e4f5,13
#283537,13
#960018,13
#296328,13
#bed8af,14
#a02135,14
#c1d0b5,14
#fefbe9,14
#644453,14
#e4a984,15
#f5f2ca,15
#3333ff,15
#ec5d45,15
#357c53,15
#ff66ff,16
#83807a,16
#9f9828,16
#fd1717,16
#74acb4,16
#c27e6f,17
#ba0012,17
#a8dadc,17
#f5f4f0,17
#e6c4a8,17
#b48ae9,18
#381819,18
#7e8390,18
#98f8b8,18
#ebd7db,18
#a2a8a6,19
#005f5b,19
#3f3f3f,19
#9d5b20,19
#ff9199,19
#e09fa3,20
#dda070,20
#96a6f3,20
#9cba98,20
#bf9e60,20
#53d183,21
#b4b4c4,21
#ffa500,21
#776959,21
#c29f52,21
#e5664e,22
#8ec2f7,22
#afdbf5,22
#ec9cbc,22
#3569ae,22
#f7dec4,23
#64544c,23
#46627d,23
#6e7d8c,23
#ffdb58,23
#e897b5,24
#1e6091,24
#4b6342,24
#463041,24
#700d13,24
#faecfd,25
#d0f376,25
#d5c4b4,25
#c9a66b,25
#d8bfd8,25
#260101,26
#02370f,26
#fcf9ee,26
#7f87b5,26
#686868,26
#c8f7a2,27
#4ee379,27
#39a0ff,27
#ffefe0,27
#ffcc99,27
#9995db,28
#416fd3,28
#779900,28
#deebf7,28
#d32f2f,28
#b1632d,29
#faff20,29
#332d1f,29
#999797,29
#a6ea63,29
#f4d57a,30
#3a2e29,30
#e8e8e8,30
#6c7086,30
#4b717d,30
#f9e7c3,31
#ee3131,31
#661c00,31
#f15f2b,31
#38a594,31
#180047,32
#2d2d2d,32
#473c07,32
#78673d,32
#f3fbbb,32
#1f1a31,33
#b99e64,33
#660066,33
#fed9be,33
#ebd974,33
#557e2f,34
#6a7ba2,34
#f3b6aa,34
#d7f3f0,34
#c33428,34
#151b54,35
#4a4a4a,35
#9095bb,35
#f8f7f3,35
#4d3e32,35
#fed5bd,36
#2d2a26,36
#25235e,36
#d7a860,36
#f8f4e3,36
#bfff00,37
#b98150,37
#51748f,37
#ebc1ae,37
#b1a9c4,37
#660905,38
#b0c4a7,38
#2e373e,38
#d48db1,38
#a4cced,38
#15094b,39
#86bbec,39
#8a4d2b,39
#b1abb2,39
#f2e9d0,39
#b3cfd8,40
#b51632,40
#00c8d3,40
#827495,40
#ffe8be,40
#ffaf3d,41
#d0a167,41
#f498bc,41
#f8c5ec,41
#ea9497,41
#dfc05f,42
#64192d,42
#b49c94,42
#b60000,42
#222222,42
#0096c7,43
#148526,43
#1b2e51,43
#dfa180,43
#7d5150,43
#302222,44
#9942ff,44
#5d9eca,44
#632995,44
#b46e1f,44
#7ac943,45
#4a1f1c,45
#c4a476,45
#f1e6e2,45
#e6d194,45
#affdaf,46
#660000,46
#fbd4b1,46
#fce8d0,46
#7f56ba,46
#5a6175,47
#e85a4f,47
#9faf82,47
#222a30,47
#990027,47
#598dba,48
#ad3737,48
#eca9b0,48
#bd943c,48
#cbc6c1,48
#cf202f,49
#cdad97,49
#591ba6,49
#121216,49
#fc634e,49
#134192,50
#b7caa2,50
#223140,50
#094b72,50
#fff2cc,50
#d3e5d1,51
#fadadd,51
#fffff9,51
#dd22fd,51
#8f815e,51
#4b5320,52
#4c9f9e,52
#5d3a00,52
#f58fa3,52
#913768,52
#172969,53
#7fc19e,53
#6b0000,53
#d5511d,53
#f29610,53
#9de951,54
#a07c80,54
#fdd6c3,54
#b690e0,54
#2f377f,54
#d7d0d6,55
#6a000e,55
#856045,55
#5322d2,55
#53535a,55
#515151,56
#524094,56
#fff1d1,56
#d6d5e3,56
#4b0082,56
#b20017,57
#afafce,57
#d9751e,57
#fe5509,57
#beef00,57
#66ff33,58
#ff00a8,58
#fffec0,58
#5a6a75,58
#00aaff,58
#9e7e4f,59
#2e2e2e,59
#a9c89e,59
#aaa777,59
#005fe0,59
#295186,60
#d4e09b,60
#f2e7cd,60
#7a7262,60
#164a71,60
#0c0c0b,61
#d66e6e,61
#cfcdc8,61
#b6d6e4,61
#2f2b26,61
#c4dce4,62
#d10e55,62
#184b17,62
#36454f,62
#002b2c,62
#8b4000,63
#e4d00a,63
#aa9cb1,63
#dab4b4,63
#ffd7ba,63
#0018a8,64
#efddd5,64
#d45946,64
#6760fe,64
#4a5c6a,64
#ae461c,65
#e7d8b4,65
#b5e1b9,65
#25344f,65
#5d574e,65
#fff9e2,66
#d6cfc6,66
#c898cc,66
#efe1f7,66
#a8d8ea,66
#1ec0ed,67
#0f1219,67
#c6ff00,67
#d1cdd9,67
#d9e0e2,67
#fa9bcf,68
#6d7a4c,68
#303f50,68
#a1201a,68
#14161f,68
#660033,69
#a8c2b2,69
#fd7588,69
#b57121,69
#a1a1a1,69
#f5f5f5,70
#f7d4d4,70
#b66c6c,70
#a50c0c,70
#e75480,70
#98bfaf,71
#80b5dc,71
#f08819,71
#bc8880,71
#8c5c3c,71
#c5d3c0,72
#c1e363,72
#f7e501,72
#e0ecfa,72
#f5e8aa,72
#969ca8,73
#8e7cc3,73
#1e021b,73
#7f6f51,73
#98fbec,73
#fcb06c,74
#ffd8ed,74
#1c1c1c,74
#f8c67d,74
#853a3a,74
#e04369,75
#921315,75
#bed0b7,75
#fffcf0,75
#edeeed,75
#c2c8e0,76
#382227,76
#ffee02,76
#eff4ff,76
#d1eaf6,76
#e4dc88,77
#eb4604,77
#0e3d58,77
#465486,77
#003123,77
#6743a9,78
#575580,78
#d26a92,78
#b66ca3,78
#60586c,78
#9eb0af,79
#ffbbfa,79
#36711c,79
#f3f2ff,79
#594068,79
#cdc9b6,80
#078d6e,80
#c7969a,80
#370000,80
#906cf9,80
#972828,81
#dda3b2,81
#99ff99,81
#90b7b2,81
#2d523c,81
#d8e2dc,82
#c00d0d,82
#7179bf,82
#7f7f7f,82
#f7a51c,82
#162c49,83
#a8d8c5,83
#d3ffce,83
#320f13,83
#aacecd,83
#feeae9,84
#a54e4e,84
#dfe8f1,84
#f0acb1,84
#edbda4,84
#ffee6d,85
#d1616a,85
#d2515e,85
#d3d3d3,85
#472404,85
#ab435e,86
#65a3ff,86
#fc8eac,86
#404959,86
#733805,86
#00695c,87
#a89eb5,87
#cf847a,87
#64796c,87
#838da4,87
#7a9ab7,88
#cfede6,88
#96ccf4,88
#152441,88
#ffb400,88
#c27ba0,89
#f2c6b4,89
#e8b950,89
#c5ec6d,89
#a3cbf9,89
#bf7d2c,90
#0078c3,90
#9da78f,90
#f7ac35,90
#2e4338,90
#4a0000,91
#e8b4a3,91
#cc3333,91
#266a70,91
#6a2020,91
#e4dbc2,92
#c9fb55,92
#f8ebd1,92
#8a5a4b,92
#d2a10c,92
#e4848d,93
#915d45,93
#01015b,93
#49c513,93
#02382a,93
#c1f3ee,94
#74441c,94
#dac0c1,94
#855d19,94
#2f847c,94
#5f4839,95
#005d5b,95
#051e52,95
#5d7194,95
#a1af77,95
#ffff4f,96
#feff00,96
#0a0676,96
#f44336,96
#b86ddb,96
#c21e56,97
#5298a7,97
#c1d9e1,97
#fcb2a0,97
#80c4d9,97
#521c10,98
#02a4d3,98
#be4c5a,98
#b8724d,98
#f8ae0c,98
#f4bbb7,99
#a3a3a3,99
#eae2d9,99
#ff5f0d,99
#efecec,99
#39609a,100
#d8b78f,100
#d1dbe8,100
#0f0f0f,100
#f78383,100
#788fff,101
#e9d2e2,101
#7e848e,101
#fbc02d,101
#e68c0e,101
#7a9e7e,102
#26010b,102
#a4d280,102
#fffff0,102
#564d78,102
#f48e96,103
#f1cb5d,103
#88453a,103
#954053,103
#540707,103
#3d3d3d,104
#1c242c,104
#f3e5d2,104
#a79edf,104
#df2d1e,104
#bad012,105
#f8f0e3,105
#bb6600,105
#a1995f,105
#97a4af,105
#e6950e,106
#e5e3ce,106
#3a0ca3,106
#1e002f,106
#146a74,106
#23202e,107
#d6e3f4,107
#d8d5cc,107
#e8d5c4,107
#a46e5c,107
#9099a2,108
#ededed,108
#cc7f7f,108
#6cb6b6,108
#a06654,108
#f3f5ff,109
#02633c,109
#562a83,109
#f1ccb8,109
#a88403,109
#fe9ace,110
#e0c05f,110
#0b0000,110
#bd6112,110
#ccd6e1,110
#1a1ea3,111
#585b70,111
#00260a,111
#88724f,111
#fbf0e2,111
#203189,112
#fffeb3,112
#fce5cd,112
#f4b1c2,112
#f3ece7,112
#754861,113
#969c80,113
#372f9a,113
#f7de63,113
#da291c,113
#008087,114
#d49024,114
#b6ab8d,114
#3caea3,114
#1b1b1b,114
#fc5938,115
#f2aa89,115
#4ba3d9,115
#7da3ab,115
#c4c4c4,115
#e1b828,116
#ffd7d7,116
#a3cea1,116
#295472,116
#ff6b47,116
#e81cff,117
#1e6400,117
#ff8516,117
#adb2a3,117
#c2803d,117
#d6d4ca,118
#f7f4e2,118
#0f0f1a,118
#273234,118
#f9f2ec,118
#5b664b,119
#41432f,119
#94a3b8,119
#bfc2bf,119
#858b8b,119
#43140d,120
#af9c6f,120
#2f2e41,120
#e3c9c5,120
#e98f23,120
#43423d,121
#3f89ca,121
#21e4e9,121
#e5dcbb,121
#85cf64,121
#e82d16,122
#292929,122
#b3a0d0,122
#b9414b,122
#b54b5c,122
#9aff9a,123
#f7d2dc,123
#dcccb8,123
#cabc9f,123
#090058,123
#daca98,124
#ff644f,124
#fefefd,124
#f4f3d6,124
#ff8656,124
#a3e870,125
#c2acdc,125
#b7afa5,125
#822d4b,125
#f22222,125
#a2988c,126
#0046aa,126
#cc2121,126
#fe5a02,126
#0077b6,126
#e0b3c4,127
#909dab,127
#f2d4dc,127
#ffcc00,127
#756d64,127
#88dad3,128
#16537e,128
#86909a,128
#4a5242,128
#f6deb3,128
#9dd9eb,129
#714b79,129
#f3b6c5,129
#8c7a97,129
#9e7f62,129
#c7ce9d,130
#c63573,130
#9cb9c0,130
#9c7d5a,130
#8bae94,130
#cab6a6,131
#614112,131
#45475a,131
#2c3e50,131
#2e003e,131
#f4f1c9,132
#97c11d,132
#d45600,132
#d6527c,132
#a9edf1,132
#f5bee6,133
#94446e,133
#858e47,133
#990033,133
#c26021,133
#e7d4d4,134
#a56973,134
#7a6a5c,134
#c41e3a,134
#7d89ba,134
#9c8c7c,135
#f32f0e,135
#e4b47d,135
#b0e03b,135
#4c324a,135
#20e1ff,136
#dac9c9,136
#d4a942,136
#717d8e,136
#191919,136
#c09189,137
#c6dae3,137
#f7cbd9,137
#0cc36e,137
#66546d,137
#54473b,138
#ff63c1,138
#93fc68,138
#bac8d8,138
#d29765,138
#00cfff,139
#670f63,139
#5177a8,139
#8b7cff,139
#b4c89c,139
#4f3c52,140
#c0b7b4,140
#ff6b6b,140
#372d0c,140
#540c0c,140
#bca49b,141
#ddd6cc,141
#da6b06,141
#a9a1a6,141
#ecacac,141
#c40941,142
#3267aa,142
#00afef,142
#f0e4b8,142
#8497c8,142
#57522a,143
#e30613,143
#0e28b6,143
#f982cb,143
#a81a1a,143
#b06500,144
#7d8c95,144
#2082a6,144
#e2583e,144
#3c1414,144
#0e3e32,145
#18c0b5,145
#44afb1,145
#4a2d0e,145
#255e4c,145
#f8c3c7,146
#989ca1,146
#cb9dff,146
#ffaa00,146
#1d2d44,146
#0176cf,147
#f5d08d,147
#3c7aa4,147
#0a2a51,147
#555d50,147
#6b5a48,148
#96a8b8,148
#ffc85b,148
#2aab26,148
#615c50,148
#c03c3c,149
#654321,149
#5a8447,149
#5c1010,149
#99ad93,149
#4b687a,150
#88832d,150
#2b2a2a,150
#808088,150
#95bbe3,150
#debe8c,151
#fcf8e8,151
#80000a,151
#eae6cd,151
#313136,151
#e3eced,152
#dc6756,152
#97a286,152
#ed813d,152
#dfaca0,152
#e2d1ff,153
#62dadc,153
#c78a6c,153
#ce7e00,153
#f4e1a7,153
#d92a1a,154
#1eccc6,154
#d77358,154
#fff7be,154
#3d1512,154
#efe44d,155
#c44e2f,155
#faeec8,155
#662274,155
#75f8fd,155
#ffe10d,156
#1a1b20,156
#cfbfb9,156
#211e1e,156
#f43655,156
#f7f9fb,157
#ffeaca,157
#bcc18c,157
#d1e231,157
#d9d2e9,157
#082735,158
#c9a0dc,158
#790cec,158
#9a6a4b,158
#3c3f62,158
#ed2100,159
#507099,159
#f7f5f6,159
#ff9040,159
#9d3f16,159
#a9b020,160
#e5e1dc,160
#ec1b23,160
#5ca595,160
#fffeba,160
#ff06b5,161
#ffddee,161
#0057e1,161
#ff70cb,161
#de89a0,161
#9d6868,162
#fff080,162
#938f94,162
#7f6b99,162
#54b5da,162
#ffe5d9,163
#997a8d,163
#454256,163
#aeb1bc,163
#e0cd67,163
#0f4c47,164
#952323,164
#5e4423,164
#f04e32,164
#c6ddf0,164
#d0a54f,165
#403043,165
#5a6339,165
#45392c,165
#c1baec,165
#bddce9,166
#d9e3f0,166
#8b0000,166
#a4edd0,166
#910013,166
#ac856f,167
#e6bfc0,167
#e1cbc3,167
#d38e57,167
#6a0100,167
#d7d7d7,168
#7ab8a4,168
#2d2c40,168
#5a8e18,168
#0448a3,168
#463529,169
#d0d9b8,169
#2b3c55,169
#1b2a41,169
#951818,169
#e6e6e9,170
#a9e2d3,170
#613d10,170
#121214,170
#1f383b,170
#621d1d,171
#0f2d47,171
#867899,171
#e2e8f2,171
#fff4ff,171
#7b963f,172
#576420,172
#e4e5e8,172
#f3e8cf,172
#d77023,172
#c7b3a2,173
#6c349c,173
#fff8a3,173
#d5e9ea,173
#c5eec7,173
#0facbd,174
#d7321e,174
#fffffe,174
#ff00ff,174
#c8d6b9,174
#a1b4c3,175
#8b008b,175
#e6d18f,175
#8fd379,175
#c59e5e,175
#f3fdf9,176
#010023,176
#bb8359,176
#3648c0,176
#009fe3,176
#e0d5b8,177
#636262,177
#edba1c,177
#ff6633,177
#00b970,177
#807929,178
#4aa0e9,178
#40c9ff,178
#a1683a,178
#4e5051,178
#121817,179
#fbf7e6,179
#d4b78f,179
#1a759f,179
#f2bd7d,179
#d2d28b,180
#6c0404,180
#bcf4fc,180
#4f0f0f,180
#131f51,180
#e7eabf,181
#ff8604,181
#002009,181
#a6531b,181
#846c4c,181
#71e0b6,182
#3f3e7a,182
#d8cfc4,182
#dde7c2,182
#2ddfd6,182
#1d1e3c,183
#ebb043,183
#dadad9,183
#1d1d48,183
#ff99ff,183
#7b1066,184
#f7d6dc,184
#e06a27,184
#1f6ea5,184
#4a382e,184
#b8a392,185
#78866b,185
#d5627b,185
#9f8574,185
#4e030d,185
#8aaee0,186
#d52fff,186
#760949,186
#7f6000,186
#007ba0,186
#fb4828,187
#ad1919,187
#b0b0b0,187
#4f8c16,187
#071f35,187
#c7ddee,188
#8b3a3a,188
#f0d3ff,188
#db9db5,188
#715944,188
#2e3e58,189
#cedcca,189
#c8b5d0,189
#dbe2e9,189
#d09a9c,189
#e3b448,190
#a99abd,190
#271605,190
#d0c6c1,190
#f66e64,190
#fcd4cc,191
#fceee5,191
#3b6a6f,191
#db281c,191
#ff2499,191
#e0dee6,192
#e6d0a5,192
#e8bfcd,192
#a47b67,192
#c6a749,192
#bf868f,193
#e49a9c,193
#bb7055,193
#8ba4d4,193
#a6a56d,193
#ededd9,194
#c9f0d3,194
#fbe26c,194
#956a43,194
#9900b2,194
#d52c2c,195
#56703a,195
#391c0e,195
#d7b377,195
#cedac0,195
#db804f,196
#fcdc9c,196
#f20c0c,196
#e7d391,196
#546a9b,196
#0f4b36,197
#f7cac9,197
#e1dcd4,197
#7f867b,197
#f0ede3,197
#d4a5a5,198
#519a77,198
#7c9fd6,198
#e6870e,198
#ffd93d,198
#3d2c75,199
#fafff5,199
#fbabdb,199
#e8888a,199
#042e56,199
#ffc000,200
#180f0d,200
#fcf5eb,200
#dcffcf,200
#fbfa62,200
#019fa8,201
#8a6462,201
#decca5,201
#4b3229,201
#b1b1b1,201
#cc7f49,202
#f51f0f,202
#a55420,202
#541c24,202
#8b7260,202
#cc6782,203
#aea69b,203
#f0f0f0,203
#e2bb30,203
#7d4bff,203
#ff4500,204
#ec7353,204
#ff6f61,204
#d68f65,204
#78f06f,204
#f6f1eb,205
#d96c6c,205
#c47b07,205
#020024,205
#e49598,205
#cc5500,206
#ccff40,206
#462433,206
#50c878,206
#efa900,206
#d0f0c0,207
#a3d5c3,207
#708238,207
#8e74dc,207
#e02810,207
#ffbd23,208
#d1a6e8,208
#010ece,208
#65a1e5,208
#00ff00,208
#ff57cd,209
#9a9371,209
#eeddd3,209
#f3f0e7,209
#cab9e5,209
#d8730f,210
#f9f7f3,210
#425168,210
#e8d6a9,210
#18263d,210
#7c9090,211
#f1f4f6,211
#fca937,211
#768f72,211
#344454,211
#efd4a5,212
#57463b,212
#1c4d4a,212
#af99b9,212
#af67af,212
#a38f83,213
#ffb341,213
#cccccc,213
#b1afd9,213
#a5c5c7,213
#d0d1b0,214
#00ccff,214
#002850,214
#f3f6f4,214
#ecd679,214
#d4e8a5,215
#20aaaa,215
#003f5c,215
#9ba9bf,215
#941660,215
#ffb694,216
#b9473e,216
#bcd4ff,216
#d4a017,216
#b1692e,216
#d4e3b6,217
#bc849c,217
#d9c3ae,217
#3b74ba,217
#ff4a55,217
#7669a1,218
#734e00,218
#fdbdd3,218
#044820,218
#2b0b0b,218
#5e3859,219
#0b0b0b,219
#c46c04,219
#1a0e10,219
#a23e2c,219
#009955,220
#6fa8dc,220
#a5cf21,220
#77cc33,220
#f7f1e4,220
#b69a99,221
#ecd9c6,221
#dcc6eb,221
#2d2937,221
#11291f,221
#fdf8dc,222
#688f4e,222
#47ffc2,222
#c8a2a1,222
#aaaaaa,222
#3894d8,223
#cce5ea,223
#5d4954,223
#f66420,223
#f3d3de,223
#242324,224
#e29c9e,224
#aeb0bc,224
#d6d0aa,224
#f6e278,224
#4b1c3f,225
#6a4c93,225
#0e0b16,225
#d7dbde,225
#ff3266,225
#338151,226
#8fc0b9,226
#603fa5,226
#502621,226
#690303,226
#bea38b,227
#00ff7f,227
#a3bcb8,227
#c27a56,227
#c83d52,227
#f5f1dc,228
#26fbe4,228
#3a3a07,228
#2b579a,228
#65aa26,228
#fcfcfb,229
#2b432a,229
#c0a580,229
#133337,229
#274e13,229
#bbbbb9,230
#ff3300,230
#a00c0e,230
#bb9060,230
#002017,230
#417d9f,231
#ffc1c1,231
#e126fd,231
#0d1321,231
#b09292,231
#bf102f,232
#dbd9b6,232
#e7bfae,232
#000080,232
#ebe4a2,232
#ffffff,233
#f5f5f3,233
#152439,233
#967868,233
#986320,233
#fc8b3a,234
#3b3d81,234
#d8c7dd,234
#c8c5bd,234
#ff3333,234
#80ede0,235
#7d7058,235
#c96c8a,235
#af9f8c,235
#616161,235
#c0f2d8,236
#3d4e57,236
#c6483a,236
#939cdc,236
#56aeaa,236
#9ca57a,237
#e5bcb4,237
#bcdfff,237
#c1d6e9,237
#7556a1,237
#bb9e5f,238
#1c2c64,238
#1b2614,238
#ff91af,238
#d33c32,238
#4c848c,239
#d6b588,239
#3b2929,239
#aa2916,239
#6f8508,239
#a9bfd8,240
#e2e0d1,240
#68c7ca,240
#ffe478,240
#9ff64f,240
#959595,241
#e2a6a1,241
#f2e2c4,241
#fbfafe,241
#a25f2f,241
#200044,242
#fbe382,242
#b8c090,242
#7c665a,242
#389390,242
#400d2e,243
#f9fafb,243
#b3c9e4,243
#df73ff,243
#995018,243
#111178,244
#9d4a4a,244
#38761d,244
#d09baa,244
#e2e2e2,244
#4b4382,245
#95dcdf,245
#49615d,245
#1bacad,245
#e5bf00,245
#87ceeb,246
#d06631,246
#d1e78a,246
#e3dfc8,246
#0d0d0d,246
#d40003,247
#72777a,247
#eae4da,247
#8e736a,247
#99a9b4,247
#d8946c,248
#962138,248
#ef98aa,248
#fe7c34,248
#4f0a36,248
#b4590f,249
#1d485f,249
#5ea4ad,249
#b1d182,249
#544464,249
#76cbde,250
#b06a87,250
#fcdfd4,250
#f2adc8,250
#00c2ba,250
#6b4dad,251
#ac9b4c,251
#d3a2a7,251
#cabc0e,251
#1c2526,251
#ff7043,252
#eb462e,252
#b5a58c,252
#001935,252
#70767b,252
#d6d0c0,253
#0f4124,253
#d2604c,253
#66ff99,253
#7a960f,253
#373533,254
#3e3428,254
#984b2e,254
#dacfe8,254
#bfc9a9,254
#c1440e,255
#e15c92,255
#d9d2c1,255
#ffffcc,255
#1e4f48,255
#7acfc2,256
#1a1a1a,256
#347d49,256
#314e2e,256
#b67120,256
#008080,257
#420420,257
#085cbc,257
#a1bed0,257
#0c343d,257
#697887,258
#6f73a5,258
#1e2a38,258
#d99b29,258
#93a9c8,258
#251818,259
#ebb886,259
#e5d37f,259
#00fd87,259
#f67b65,259
#0b517c,260
#0c1c2c,260
#5f72b0,260
#93a8d9,260
#bcbd86,260
#547340,261
#d75e37,261
#91a1b0,261
#b1ddb1,261
#061f32,261
#a1655b,262
#a44d77,262
#1f0404,262
#731440,262
#b867e5,262
#8c107a,263
#14b386,263
#f580af,263
#330043,263
#82737e,263
#2ee42f,264
#c3eae3,264
#0147ab,264
#6db584,264
#cb641e,264
#e7b710,265
#b5bce3,265
#e2dfda,265
#73c970,265
#659548,265
#cdd4b1,266
#501d52,266
#c8ae6c,266
#30a5ab,266
#ebb7d3,266
#92d23c,267
#ffddcc,267
#c1a1ef,267
#9d729c,267
#5d8c4b,267
#2df5cd,268
#1f222b,268
#4b2c09,268
#005eb8,268
#995708,268
#ff1973,269
#8c5228,269
#572e36,269
#f1edf4,269
#f7ffc0,269
#ececec,270
#df3f9d,270
#ecd5e3,270
#56caa3,270
#21421e,270
#040d15,271
#fc3c80,271
#bf7e7e,271
#fcbcd4,271
#b7a849,271
#919d9d,272
#9398b2,272
#c2baa8,272
#dcd4a6,272
#233852,272
#742400,273
#e2c290,273
#134f5c,273
#ffcc33,273
#cec1f1,273
#a29a85,274
#7f7d76,274
#849474,274
#143434,274
#c6aed2,274
#bcb8b1,275
#b4b4b4,275
#838996,275
#18e699,275
#cddcb8,275
#aeedd8,276
#00f7ff,276
#ffd0f1,276
#e08181,276
#d2ebf0,276
#830000,277
#99431e,277
#60fc9e,277
#fc0cac,277
#7b7d98,277
#688ece,278
#667a85,278
#8b9572,278
#ede6db,278
#2e0b2a,278
#f2eddd,279
#a70510,279
#a54040,279
#808bd0,279
#c54d29,279
#357eb7,280
#b68b7c,280
#c7ea46,280
#a72707,280
#861ef7,280
#9e98a5,281
#d6455f,281
#9999ff,281
#3e2723,281
#f1f1ee,281
#ebe4fa,282
#618428,282
#9e5911,282
#da4200,282
#3d0b1f,282
#f9a294,283
#d5dff8,283
#6464e4,283
#ae4a14,283
#41a092,283
#5e4b3c,284
#f9895c,284
#436360,284
#aab640,284
#648a91,284
#c6acd2,285
#ffaf7e,285
#804d1f,285
#f5ecc8,285
#5aac4c,285
#558343,286
#503a3a,286
#969696,286
#ee86aa,286
#442414,286
#c29c60,287
#c38ae4,287
#d9d1eb,287
#43a99d,287
#6c1e10,287
#e8ffcd,288
#b6a89b,288
#ff0000,288
#768390,288
#ff007f,288
#605a56,289
#b97100,289
#a57942,289
#540b0e,289
#bf701e,289
#ffffde,290
#fbaf24,290
#eadcf5,290
#8ea6ff,290
#383434,290
#856f5c,291
#573c32,291
#7a2d8e,291
#ef9e1b,291
#a15c5a,291
#67b0b2,292
#00ffd8,292
#e67e4b,292
#e7e7e7,292
#fdfdfd,292
#9aaaf0,293
#e2a85b,293
#5c3525,293
#87cefa,293
#f9ad0a,293
#d9b7b0,294
#079a9e,294
#bbc8e0,294
#12113d,294
#f3218c,294
#aab9cd,295
#af7262,295
#fe7043,295
#65705c,295
#20124d,295
#fdf8fe,296
#d36be6,296
#e5a5ac,296
#019a00,296
#4a99de,296
#8690c1,297
#fcf9c9,297
#e7dcc8,297
#f6f07e,297
#0000ff,297
#6c408c,298
#e7b75f,298
#f3e7f0,298
#e79c10,298
#4abcf9,298
#e63946,299
#f4e6c3,299
#8e1d31,299
#393632,299
#529f95,299
#17bb88,300
#916f63,300
#565656,300
#ffa021,300
#e2c0c0,300
#dcbfab,301
#725eeb,301
#fdfafc,301
#ffff99,301
#a54723,301
#4085c6,302
#264916,302
#ffd3e5,302
#8b5f32,302
#b0b8ba,302
#212025,303
#b1a49a,303
#48dec8,303
#7c353b,303
#ffa81e,303
#db6364,304
#f0e4ca,304
#5e3e33,304
#e1ad6d,304
#b7d8e7,304
#b26d4e,305
#ae0000,305
#00195c,305
#c8c65b,305
#232b3c,305
#e1477e,306
#702e40,306
#f1dfa9,306
#b2b7a4,306
#e69138,306
#65b1c0,307
#d8bca0,307
#de4908,307
#429593,307
#93b7d5,307
#eb9db1,308
#f2b5d4,308
#0e938c,308
#46bfe0,308
#5680ab,308
#ffd91a,309
#23211f,309
#a1f7eb,309
#4e2d07,309
#4a3f39,309
#b6da0e,310
#f3ecd8,310
#052e3e,310
#ffe6be,310
#464450,310
#d01212,311
#f5f3ee,311
#2d3037,311
#5ffec8,311
#96e2e8,311
#54a326,312
#ceffed,312
#ffeb99,312
#5ab1bc,312
#9a3030,312
#cda4dd,313
#4c8c1d,313
#632605,313
#668c97,313
#a8b9a3,313
#f8f6f0,314
#6e2e3b,314
#6d4e8d,314
#e4848c,314
#b3a087,314
#a1afa3,315
#ffbbf3,315
#354230,315
#8f65a7,315
#cfd1ca,315
#f8baf7,316
#ffff00,316
#a1a7c5,316
#f0ae99,316
#21af94,316
#dcf2e2,317
#313b42,317
#ffc318,317
#006b3c,317
#ff8cc2,317
#407880,318
#4a555d,318
#54c8d7,318
#138f2e,318
#eff0ff,318
#fffbde,319
#ffadad,319
#380404,319
#0a5e66,319
#ebd794,319
#001d4f,320
#d5b690,320
#4c5255,320
#797a7c,320
#b31513,320
#a30000,321
#f5f1ed,321
#834705,321
#f4f4f4,321
#1e2124,321
#faefbf,322
#7f171f,322
#584cb0,322
#3c1608,322
#e05a93,322
#1f2d35,323
#b070fc,323
#d4e2bd,323
#0047ab,323
#ff7bcb,323
#0e0d1f,324
#242121,324
#c1deec,324
#d9a443,324
#f8f8ff,324
#c2d4e9,325
#fcf0a3,325
#cf1717,325
#005558,325
#9091b9,325
#746c5c,326
#bfb197,326
#833b4c,326
#ac746c,326
#c73520,326
#f2e3da,327
#2b0000,327
#758e4f,327
#78604c,327
#f9cb40,327
#283268,328
#f9f9f9,328
#fff3e1,328
#a8d1d1,328
#daf2f2,328
#cdbac5,329
#476674,329
#b180e5,329
#c24bb7,329
#cea65c,329
#fff842,330
#1d1d17,330
#def895,330
#d36f4d,330
#ffb845,330
#213b4d,331
#780909,331
#26a69a,331
#56c3ff,331
#e5e8d6,331
#b58791,332
#fcf5e9,332
#611111,332
#b8b6d5,332
#132642,332
#f38a00,333
#64542c,333
#aeddd6,333
#91b640,333
#7c7e08,333
#fc7a1e,334
#788094,334
#e1eedd,334
#3274d6,334
#79b4b4,334
#003360,335
#ff9999,335
#fd5e53,335
#e272da,335
#37372b,335
#4e42d5,336
#364d66,336
#d4fdc3,336
#e5e5e5,336
#261201,336
#454072,337
#6e497d,337
#014898,337
#666666,337
#5b5b5b,337
#2dbfba,338
#aea03d,338
#eee5d2,338
#dcbba1,338
#b9d9eb,338
#909b7b,339
#7b91fe,339
#dab87a,339
#ce2821,339
#000f14,339
#625e57,340
#f5d5c8,340
#d13497,340
#d2ba93,340
#4280d7,340
#32193a,341
#5c3c6d,341
#6e5345,341
#e1b12c,341
#18ab79,341
#cedfc7,342
#656b5c,342
#e6e6a9,342
#bc3c06,342
#e3a72f,342
#a8733f,343
#6495ed,343
#d9e6d9,343
#262237,343
#be8f47,343
#e1e5e5,344
#1d90f3,344
#706a78,344
#cabbe9,344
#8f6190,344
#254b14,345
#103834,345
#7a9b61,345
#1a1b1e,345
#bf9000,345
#bc242c,346
#eba743,346
#ee3535,346
#234f1e,346
#3f4159,346
#994500,347
#9a2f5d,347
#f18d00,347
#eae6e3,347
#003a2d,347
#faf0df,348
#8c1414,348
#6cbcff,348
#ad1e3f,348
#ffd9f5,348
#f9a88e,349
#f8edeb,349
#4b3126,349
#252c6e,349
#7bb65b,349
#181f5f,350
#401010,350
#c19963,350
#3f141c,350
#03045e,350
#aaf0d1,351
#a9a094,351
#76a5af,351
#00366e,351
#462b3a,351
#835a71,352
#184719,352
#b84a2b,352
#c30ff5,352
#0b1f28,352
#7a28b8,353
#d8cbe7,353
#222f19,353
#a3a847,353
#004225,353
#2e2a31,354
#cc9900,354
#cfa3a1,354
#8a8f60,354
#614051,354
#34567c,355
#a2d7a3,355
#aaa6d6,355
#f9faff,355
#d8cab8,355
#e4debe,356
#7e100b,356
#339900,356
#2c5d63,356
#9c9480,356
#673615,357
#c64a5e,357
#938bfa,357
#023020,357
#acc4d5,357
#c7a0a0,358
#1d2236,358
#7f9e46,358
#822611,358
#f7c948,358
#692718,359
#dcdcdc,359
#f9f4ef,359
#0b5394,359
#bb4545,359
#f4a9a0,360
#0980aa,360
#ad9117,360
#eee3d6,360
#e5e1db,360
#40850f,361
#446d92,361
#aabccd,361
#428597,361
#a30217,361
#5f4937,362
#463d52,362
#a1566c,362
#3bded8,362
#262f00,362
#ffd7f7,363
#2b3a3d,363
#6cb67f,363
#674433,363
#403328,363
#ff95d1,364
#fb7b4d,364
#78c7c1,364
#1f7a97,364
#96a9bb,364
#ffefe4,365
#a9ceca,365
#b5ccb5,365
#fff8f5,365
#dee2e5,365
#a6003b,366
#003333,366
#ffdfe9,366
#b5e48c,366
#d4776e,366
#9a10f1,367
#672652,367
#6b3e26,367
#ea7e77,367
#cd8338,367
#9aec13,368
#ffe0bd,368
#e59da5,368
#a7e391,368
#a9a9a9,368
#fb6ff0,369
#b45f81,369
#1149bc,369
#4c8bb4,369
#e488a1,369
#5c7082,370
#8a2727,370
#c3baba,370
#567960,370
#d20a2e,370
#8f9dba,371
#84accc,371
#de8b02,371
#e7a199,371
#3d0941,371
#bcbcbc,372
#5eaab2,372
#00aad1,372
#d4997f,372
#0c0a03,372
#f1c9aa,373
#ffb372,373
#744700,373
#7b8371,373
#0b4b62,373
#cdf637,374
#b5533c,374
#a9a89f,374
#958d0e,374
#fbf7f2,374
#baccde,375
#25454b,375
#522643,375
#cb410b,375
#5479da,375
#3b8cf7,376
#efbf04,376
#4e2f1d,376
#fdfba8,376
#432619,376
#333e56,377
#8a2be2,377
#5f6048,377
#ff6699,377
#8fce00,377
#1e4765,378
#ddd4d9,378
#b2a8f0,378
#f077f9,378
#838485,378
#204444,379
#83f6f8,379
#400e18,379
#587388,379
#714371,379
#89b7bb,380
#e49b0f,380
#0a00fc,380
#f8b7c4,380
#883e3e,380
#52f00d,381
#efeee6,381
#e2725b,381
#ff0033,381
#dcbebe,381
#4c3926,382
#22267a,382
#9f156d,382
#00beef,382
#540062,382
#682317,383
#606060,383
#684022,383
#d3947c,383
#d625ff,383
#e0b5ed,384
#66bffa,384
#d95705,384
#d4886b,384
#fffe03,384
#165acd,385
#f7a843,385
#666633,385
#c7cdb1,385
#171a17,385
#c7bedb,386
#e4a26b,386
#fad6c8,386
#b2d43b,386
#a0a3b8,386
#c37d33,387
#0bebf7,387
#f2f8f8,387
#ffb3a3,387
#0f7cd1,387
#b6d2c1,388
#40e0d0,388
#fae7bc,388
#451d10,388
#4b4848,388
#fffee5,389
#b1cfec,389
#b1c9ef,389
#16250a,389
#a7f6dd,389
#c14423,390
#690808,390
#927056,390
#ff8200,390
#f1f022,390
#1d396b,391
#0f1020,391
#c47c44,391
#540661,391
#d51d1d,391
#2f8d40,392
#c7d6fa,392
#758cb4,392
#fe978b,392
#aa762b,392
#26368d,393
#f5e09e,393
#7a8b21,393
#bd2734,393
#951919,393
#0f1115,394
#fea300,394
#5b3b77,394
#f3f4d7,394
#a8a8a8,394
#ffe599,395
#6a1109,395
#e1c15e,395
#04bcc4,395
#773567,395
#c20019,396
#8f6fb2,396
#a7909f,396
#ccff99,396
#a9524c,396
#b3a285,397
#f4f1e9,397
#76a35c,397
#d09aea,397
#33ffff,397
#66efe6,398
#ccffff,398
#b7b7b7,398
#95f3b1,398
#b09c7a,398
#a65c42,399
#3373cc,399
#ccccff,399
#d22730,399
#fe4fea,399
#d6fff9,400
#fbf8c0,400
#00ff88,400
#91a4c6,400
#3d120e,400
#528dc2,401
#c8102e,401
#464e92,401
#e0b0ff,401
#80ff70,401
#82a8e2,402
#b20710,402
#116795,402
#810000,402
#78085f,402
#253d48,403
#4169e1,403
#a8d5ba,403
#928c53,403
#ad864c,403
#ecedea,404
#b27fe2,404
#5e3a4e,404
#d79e99,404
#fbf4e7,404
#246c65,405
#f2c8be,405
#b7d6c2,405
#0df5bc,405
#222a2c,405
#2d3829,406
#4a382f,406
#6633ff,406
#d1a3fd,406
#2e437b,406
#6666ff,407
#e680c0,407
#e7bf99,407
#f2e5db,407
#8298bd,407
#2b4d66,408
#cccccf,408
#4f6688,408
#6f7478,408
#c7afa3,408
#c4bcbc,409
#d2946b,409
#709a38,409
#9ebbee,409
#6c4c24,409
#cfe2f3,410
#245a76,410
#ffa700,410
#282828,410
#1f1f1f,410
#fec500,411
#d4c8be,411
#d0c1f3,411
#a47864,411
#a85018,411
#3b2f2f,412
#2e342d,412
#122a24,412
#57841c,412
#4b3032,412
#c4a789,413
#e0ded9,413
#75c2a5,413
#e8e8e4,413
#2d2312,413
#cda0ee,414
#f2cfad,414
#c4b4a0,414
#d6d3cc,414
#a6c489,414
#d6a9e8,415
#e8e6d8,415
#fd2ca0,415
#99ccff,415
#4d8170,415
#ccc7dc,416
#3f5cca,416
#714d1f,416
#565e64,416
#4ebcff,416
#fdd3a8,417
#ffb6c1,417
#7352ba,417
#2a477c,417
#d9c9e2,417
#cf9f45,418
#009cfd,418
#38001c,418
#88421d,418
#6b8a5f,418
#c06451,419
#5c9a9c,419
#cba66b,419
#424e53,419
#00b2ff,419
#9cedfb,420
#485804,420
#66ff66,420
#f9f6ee,420
#020101,420
#efc3a7,421
#632024,421
#abc276,421
#f7c98b,421
#ffdfc4,421
#85783f,422
#32608b,422
#755389,422
#007bff,422
#0a7e8c,422
#809bce,423
#c53e00,423
#79513e,423
#8c9c12,423
#cc99cc,423
#aaecdd,424
#0d2d09,424
#c2dc4e,424
#39766c,424
#cfe6f7,424
#453b2e,425
#242331,425
#a88142,425
#943f5c,425
#aaa9ae,425
#8b4513,426
#2e4f4f,426
#03aca7,426
#8c501c,426
#ba3a0b,426
#7e705e,427
#97a5ca,427
#504ce7,427
#78797b,427
#b54f75,427
#eedfd2,428
#4a5d23,428
#b6afa6,428
#355e7c,428
#8d2e22,428
#23233b,429
#bdbcda,429
#13708f,429
#646464,429
#ff7c2d,429
#f4e3c1,430
#8e3939,430
#91a933,430
#353fa1,430
#e37a9a,430
#f5b9dc,431
#f3ebd9,431
#eac75f,431
#65529c,431
#98ff98,431
#9396d5,432
#f1aeaa,432
#449785,432
#df7f77,432
#714230,432
#524969,433
#351c75,433
#95a4b8,433
#c9c4cc,433
#ff88bb,433
#213921,434
#3b594c,434
#cfc3d5,434
#007ba7,434
#87a1bb,434
#febf00,435
#f7ad4e,435
#00a1c3,435
#44551d,435
#424f9a,435
#89745f,436
#adf468,436
#ff91ae,436
#73737d,436
#f5edda,436
#325b7f,437
#cbd93c,437
#d66471,437
#a8a098,437
#800020,437
#030e4d,438
#f2d9b1,438
#f4b400,438
#877aa6,438
#e06666,438
#a08c7a,439
#e0ccb7,439
#b6a6ca,439
#90ca44,439
#dcc4ac,439
#b1afff,440
#0551be,440
#6f874c,440
#f6b5b5,440
#90728c,440
#a293a6,441
#16362b,441
#4e8016,441
#697e90,441
#a19cb9,441
#c87ca1,442
#dfbd78,442
#fbf5f2,442
#808080,442
#054139,442
#e4dcd4,443
#ccdb41,443
#79747e,443
#b4c4a6,443
#eaedee,443
#06c938,444
#ceff00,444
#d7e6c6,444
#aaf226,444
#b80366,444
#b76e79,445
#5d5290,445
#d9d4ce,445
#c07373,445
#a8bba8,445
#b38490,446
#867165,446
#baa78f,446
#5f3204,446
#b8cac5,446
#f5f3ea,447
#330033,447
#b9a6ff,447
#6ec6e4,447
#4b7655,447
#374c52,448
#f1bfb2,448
#dfdfea,448
#dddddd,448
#5f1f9c,448
#4c347e,449
#ec719a,449
#3d2c23,449
#9e4034,449
#fba081,449
#5d4b67,450
#d9391e,450
#e9ff5d,450
#f3e8bf,450
#f7f0ee,450
#000711,451
#323456,451
#4c0052,451
#d68186,451
#91a18c,451
#fc4c4e,452
#ef4036,452
#ed9561,452
#dec16e,452
#27323c,452
#af6e4d,453
#b456ff,453
#50330d,453
#cec563,453
#504567,453
#a9b1a6,454
#3c1361,454
#ffedd7,454
#2e7dd1,454
#dca278,454
#b03030,455
#fdf4dc,455
#8baac6,455
#d5a6bd,455
#1c2237,455
#faa781,456
#5d950e,456
#7851a9,456
#cbb4ff,456
#b3b3b3,456
#9d1d24,457
#ff7f50,457
#6670ad,457
#dde2dd,457
#ebeccc,457
#c62c4b,458
#8c8c8c,458
#039bce,458
#26567e,458
#c3bf55,458
#1e2a47,459
#fceb61,459
#3f3730,459
#42a8ff,459
#8000ff,459
#372020,460
#f6d7ee,460
#330ea5,460
#f3b436,460
#4c241b,460
#14224c,461
#e6910e,461
#a0e2f5,461
#e793b7,461
#4775d5,461
#6d9c58,462
#fff6a1,462
#fab400,462
#e1922b,462
#f6f6f6,462
#fd3e56,463
#440909,463
#fde8c9,463
#9a980f,463
#95825f,463
#8cc2f5,464
#dfc661,464
#fbfcfc,464
#ffe9db,464
#8da68d,464
#1a0f12,465
#ecc9d5,465
#d09f85,465
#62623f,465
#4f4f4f,465
#efe6dd,466
#5b191a,466
#dfb498,466
#392424,466
#726e64,466
#2c1f47,467
#e8ccc6,467
#3bd1bf,467
#ac9a00,467
#9e5468,467
#954535,468
#42151e,468
#e6b7b7,468
#f4e7ce,468
#60894a,468
#51727a,469
#c3d3c6,469
#980726,469
#fab13a,469
#ac1424,469
#da3c17,470
#1d3a5f,470
#f9c4ee,470
#fee408,470
#835840,470
#616e5e,471
#da3567,471
#2c1b2c,471
#1f1808,471
#b6d994,471
#b8a5c4,472
#d7c9db,472
#ff9f00,472
#ff4249,472
#94540c,472
#b51138,473
#879be9,473
#4a3e35,473
#d3a29b,473
#2e3b55,473
#d9bf7a,474
#eb602b,474
#490069,474
#b0d8d8,474
#2f939a,474
#b4ecbc,475
#160b19,475
#caa200,475
#121023,475
#222e97,475
#acecdc,476
#2c5b5c,476
#fbf7f6,476
#310634,476
#b2a5bc,476
#456bb2,477
#aa7bc3,477
#a17249,477
#ff00c8,477
#d0c387,477
#715d3d,478
#d45ec8,478
#8c4c27,478
#6699ff,478
#00506f,478
#262626,479
#eae7d8,479
#ebc194,479
#67795e,479
#fff2da,479
#6a4926,480
#387326,480
#957d41,480
#ffe3d1,480
#a54675,480
#8277cd,481
#998963,481
#f9f5f1,481
#bba96d,481
#ff99cc,481
#b25a23,482
#00ffcd,482
#5a0d0d,482
#5f7943,482
#fb0200,482
#5c2c2c,483
#f5e400,483
#4d5664,483
#ebff9c,483
#ae3e63,483
#16a923,484
#ad9a95,484
#614864,484
#ffecec,484
#fc9859,484
#4d9cac,485
#f0ff00,485
#94c4dc,485
#cc7755,485
#e1c488,485
#f9eec8,486
#d9a5a5,486
#6eeb83,486
#fffaf5,486
#868641,486
#f0a2b9,487
#a53434,487
#b4676d,487
#33337f,487
#cfb36f,487
#3f6567,488
#ea75ba,488
#deb887,488
#26242b,488
#ac643b,488
#34240c,489
#1cea2a,489
#f4d8b9,489
#684b75,489
#7ab9da,489
#9aa4b7,490
#c8b0cb,490
#382826,490
#f18c22,490
#f8c785,490
#f4e1e3,491
#fae1dd,491
#8c746c,491
#2d4434,491
#083601,491
#fcefe1,492
#cf7b73,492
#38254c,492
#c4b6a6,492
#40358f,492
#e20b17,493
#91edd5,493
#edb8d0,493
#3f47cd,493
#d32011,493
#e9caca,494
#71c3d4,494
#611068,494
#3399cc,494
#f5da8c,494
#fbeec7,495
#42484e,495
#fbfcd3,495
#b57591,495
#6d6d6d,495
#c342ff,496
#bb0061,496
#fdeecf,496
#f7f4ef,496
#845581,496
#480607,497
#843540,497
#36311d,497
#ecedd0,497
#49ff42,497
#ff64cb,498
#b8985b,498
#f7d6d0,498
#d8c7a3,498
#ff3e3e,498
#927d79,499
#1e3a8a,499
#65906c,499
#80ac73,499
#dad79f,499
#a12222,500
#cd7f32,500
#cab2a3,500
#1d1d1d,500
#00ffe7,500
#3e6974,501
#d6cbb3,501
#b48e06,501
#291420,501
#4e2a5b,501
#24333b,502
#363849,502
#550a0c,502
#580101,502
#fcecec,502
#5e493b,503
#f8d77a,503
#d67e8c,503
#fbceb1,503
#64748b,503
#486464,504
#009dff,504
#4a90b8,504
#faf3dd,504
#b8a4a4,504
#205237,505
#585858,505
#b93d22,505
#beb860,505
#60735d,505
#fb9077,506
#5ef8c0,506
#2c0c50,506
#691742,506
#fd9869,506
#67bc38,507
#b0c4de,507
#4949fb,507
#ffc107,507
#ffe96c,507
#a09989,508
#463f3f,508
#096332,508
#d8e4f0,508
#222933,508
#87bbbb,509
#910000,509
#e3cef7,509
#0e591d,509
#34322e,509
#ccd0e6,510
#081a28,510
#682d36,510
#af9659,510
#def09a,510
#ffe066,511
#425449,511
#dc4545,511
#2c3e72,511
#ca7074,511
#c6ffb3,512
#4a0001,512
#b0cde6,512
#ac142a,512
#a7618d,512
#ecccac,513
#00806c,513
#801818,513
#952c05,513
#e8d7a1,513
#3eb78e,514
#999eb8,514
#ff00cd,514
#b4a7d6,514
#4d3200,514
#cf2e49,515
#b6997a,515
#141b3d,515
#72b54d,515
#c4a9ac,515
#abca99,516
#bda996,516
#3e3a4c,516
#95b76f,516
#6a5acd,516
#020202,517
#e2a377,517
#faefe0,517
#990e0e,517
#e1c08d,517
#2a2a2a,518
#b2a3b4,518
#ca8181,518
#1ca9c9,518
#20bcfb,518
#47763d,519
#f7efe8,519
#8d2e23,519
#f6f0e3,519
#ab6578,519
#00cec9,520
#ff4848,520
#daa520,520
#535662,520
#b83330,520
#684848,521
#b74054,521
#fcb9e3,521
#685f5e,521
#896b0f,521
#323c31,522
#ffec7a,522
#45d0d0,522
#bd0f30,522
#6d727d,522
#8198aa,523
#bb4cf6,523
#333333,523
#f6909d,523
#d8ebf6,523
#414d54,524
#443317,524
#ffcfcf,524
#7f1414,524
#f7cfe4,524
#5d9a2f,525
#37cddb,525
#8c9ca4,525
#363b51,525
#7f99b4,525
#cbbba0,526
#8796b5,526
#4b1e2f,526
#ff6cbf,526
#c5b49a,526
#b0628a,527
#dcb689,527
#fd5f55,527
#66d0e7,527
#d3b3a2,527
#1a3f73,528
#95ca72,528
#f4c4c4,528
#a9642c,528
#ffa4f9,528
#ba3d34,529
#3d1a1a,529
#ede6d4,529
#b7cde2,529
#5ea941,529
#fb7356,530
#abb695,530
#800080,530
#d4bcac,530
#872626,530
#6d95d0,531
#8e9daf,531
#6d6e71,531
#1c1c38,531
#4d4735,531
#ff9899,532
#935b49,532
#ae9f8f,532
#261329,532
#8598a6,532
#a4a27e,533
#bcd9f2,533
#e4b454,533
#452345,533
#f2c6ac,533
#f1f2e0,534
#6286bd,534
#a8bda0,534
#f0e68c,534
#bfb1b7,534
#a7d3e8,535
#ffcce7,535
#d37b5f,535
#663300,535
#fda200,535
#424242,536
#c6cfc3,536
#7796a3,536
#5d877c,536
#bcd4dc,536
#d4e4ac,537
#33ff00,537
#024175,537
#255170,537
#d5c28c,537
#532d16,538
#f4e7dc,538
#c19a6b,538
#d91ded,538
#c97b6d,538
#8c94aa,539
#154672,539
#347ccb,539
#54422b,539
#3a2c21,539
#690049,540
#20246a,540
#ffe0c9,540
#d3debd,540
#ffccff,540
#58547a,541
#f3f0e9,541
#0473c6,541
#c43d2e,541
#a4bcc4,541
#cccfc3,542
#ff7400,542
#eeb412,542
#149b70,542
#849cc4,542
#f57fa3,543
#e6aaaa,543
#a47f3f,543
#6c976e,543
#2a4150,543
#bdbdbd,544
#895d85,544
#6e3b3b,544
#ff97d4,544
#86611b,544
#59b148,545
#d41d4e,545
#6c2828,545
#512441,545
#1c1b2d,545
#acad3b,546
#147c0b,546
#b49c64,546
#63305d,546
#573949,546
#fbb7a7,547
#080709,547
#bcaacb,547
#d6c356,547
#ffff66,547
#00b4d8,548
#be6b20,548
#7c3c2f,548
#bada55,548
#fff176,548
#ffde58,549
#fc1cb8,549
#44bbd8,549
#19bec4,549
#c7916c,549
#e3d1c4,550
#bd2a2a,550
#464255,550
#93a6a2,550
#daff33,550
#cd0227,551
#e97451,551
#c8f500,551
#ff4f00,551
#e0b79f,551
#f79175,552
#fbd2d7,552
#a2aaad,552
#0c970b,552
#aa7099,552
#d7aca8,553
#4f4f3e,553
#c00c0c,553
#af9f85,553
#f3f3f3,553
#4a1275,554
#faf514,554
#f7cbc5,554
#c36f9b,554
#b5c1e2,554
#ccb3b3,555
#191d27,555
#69c389,555
#3b1f2b,555
#cc9069,555
#e3e4e0,556
#c3d8d2,556
#ff25d5,556
#f6f0e4,556
#8fc7ca,556
#917cb6,557
#9fc5e8,557
#41a297,557
#8c00ff,557
#6a2b49,557
#d35400,558
#586651,558
#4f0f34,558
#f3c534,558
#bfaf9a,558
#d5754d,559
#e7b2b2,559
#bfd8ae,559
#534e44,559
#faf5e4,559
#cccfca,560
#721911,560
#bda49d,560
#3ee9c2,560
#33ff33,560
#90ffb3,561
#535454,561
#f0d3d3,561
#e7d190,561
#b3adc1,561
#3a0149,562
#fdfcf9,562
#4b1e30,562
#3a3a3a,562
#526d8b,562
#990f00,563
#c24610,563
#f1ece6,563
#3a7ca5,563
#fc74dc,563
#305078,564
#c08e62,564
#a4e0e7,564
#ffdedf,564
#bd9546,564
#777873,565
#deabab,565
#ffd1e0,565
#585852,565
#f9fdfc,565
#ffee6c,566
#1b8777,566
#797348,566
#00e500,566
#908370,566
#d0d9a0,567
#7a2048,567
#d9ffa0,567
#fed8b1,567
#990083,567
#f66819,568
#9dafb7,568
#41494b,568
#e1e951,568
#aa798d,568
#b5f7fd,569
#ff5454,569
#8b4b48,569
#ccbca6,569
#4f9de4,569
#ea9088,570
#6790a4,570
#2a2d37,570
#b4b2a9,570
#748fbe,570
#c9c2dd,571
#666420,571
#efcccb,571
#000000,571
#e6ae38,571
#4d5544,572
#fe5bb4,572
#f2f5ff,572
#77ccd5,572
#5a2e47,572
#e9f4fa,573
#9dbfc7,573
#a65529,573
#2b4929,573
#32475b,573
#1b3e68,574
#c3ca53,574
#6be435,574
#f10000,574
#0d4812,574
#3c3a64,575
#653422,575
#940c04,575
#e84a38,575
#00ec8e,575
#62c176,576
#ffb9e3,576
#abd5ef,576
#993684,576
#bc3d22,576
#a3cada,577
#bfd289,577
#dea6ba,577
#fcf6e8,577
#d9a5b3,577
#ffeecc,578
#52633b,578
#87a079,578
#401e03,578
#a4a4a4,578
#fdf6ec,579
#cec6bb,579
#71678e,579
#99ffff,579
#5f8575,579
#915f6d,580
#f95858,580
#d6a48d,580
#a60321,580
#b31a1a,580
#cc9933,581
#d77b26,581
#42519e,581
#473e2d,581
#ff5656,581
#ffca00,582
#ffffe1,582
#ab510b,582
#d2d0c3,582
#d8bdf0,582
#f551b2,583
#7f7e7e,583
#9966ff,583
#a8b4b4,583
#9ceacc,583
#5c6845,584
#ff5700,584
#ddd8ea,584
#5a6047,584
#4e4df4,584
#53a5cf,585
#b9b2a9,585
#b2b16f,585
#bc8d6a,585
#fde6e4,585
#f6eee5,586
#a78df4,586
#6c8cd9,586
#1e1e22,586
#ffa340,586
#8abd23,587
#8c93c1,587
#ffccbc,587
#8ed0a5,587
#9d798f,587
#fff8ed,588
#c39ba4,588
#ffcccc,588
#995957,588
#1742a1,588
#003366,589
#767677,589
#d6bb8d,589
#2b2b2a,589
#c5ab8d,589
#ffd700,590
#006c3e,590
#0ba1ff,590
#c33ff6,590
#b5accc,590
#9ed5f4,591
#ede4da,591
#7d906f,591
#798c95,591
#baecb8,591
#ed6fba,592
#ff33ff,592
#f9e6ee,592
#847059,592
#6dd99e,592
#f8b133,593
#ffb347,593
#980964,593
#a5f3ff,593
#2e3f24,593
#fff6d9,594
#cc99ff,594
#525d44,594
#fe9aa7,594
#6abcac,594
#9997bf,595
#2d3e50,595
#4682b4,595
#ec8100,595
#a2c4c9,595
#c1442e,596
#2d4440,596
#746748,596
#4f7942,596
#decc43,596
#f7f3ef,597
#8191ad,597
#b0b3fa,597
#394555,597
#36352a,597
#7fffd4,598
#e5e5dd,598
#f7b6a2,598
#d29c8a,598
#fdfeff,598
#b6d7a8,599
#c1ffff,599
#f1f3f9,599
#bb9351,599
#ffe6b4,599
#cdaf95,600
#780606,600
#f7f4d9,600
#bf7e2d,600
#3dccc7,600
#fedd00,601
#ff8540,601
#ff9696,601
#c056a1,601
#aed345,601
#22b78b,602
#a3b18a,602
#dccaae,602
#928e61,602
#475581,602
#cdd9e5,603
#46b7a4,603
#080715,603
#4fa97b,603
#481011,603
#1231c3,604
#c2e1d7,604
#16fffe,604
#c6c25b,604
#de6c6c,604
#ff5e0b,605
#7353ba,605
#99ff66,605
#b31648,605
#f6e8f0,605
#273828,606
#59180e,606
#ff6b5b,606
#fff5d6,606
#bbefdb,606
#ffb370,607
#ffb5e8,607
#aaffa3,607
#5b5848,607
#c5aabe,607
#1948ad,608
#aaac27,608
#545499,608
#184771,608
#9efb8f,608
#cdff45,609
#a99886,609
#6b8e23,609
#69cede,609
#fe5c3b,609
#aa89af,610
#068302,610
#0b7acd,610
#61757b,610
#157b6d,610
#feecd0,611
#e8dad5,611
#6f7b78,611
#817b2b,611
#b7410e,611
#795454,612
#a1a8b3,612
#5a0080,612
#ffffdd,612
#0b3f61,612
#48cae4,613
#e6e6e6,613
#b8a198,613
#b6c7d6,613
#d6cc89,613
#a8b5a2,614
#c29b3e,614
#2da4a8,614
#1e61b3,614
#696d57,614
#922a26,615
#d8e2c5,615
#54ff9f,615
#e3dac2,615
#a4bcdc,615
#812c56,616
#ab67fc,616
#07b1d0,616
#66a60f,616
#440a05,616
#f7e948,617
#609779,617
#bccff3,617
#f3a0c0,617
#f96c52,617
#935d5d,618
#91702a,618
#27201d,618
#3366ff,618
#c55908,618
#ad6b79,619
#8e4585,619
#646c5c,619
#263342,619
#f25218,619
#e3dac9,620
#ffcade,620
#d48c12,620
#afa796,620
#f9fbfa,620
#a67045,621
#8b5c42,621
#f3bd90,621
#f92307,621
#c015f4,621
#66957f,622
#59724f,622
#2e2a47,622
#fae5e9,622
#ada8a5,622
#fff8f0,623
#dead00,623
#a87bae,623
#eae6f5,623
#8aab4b,623
#738276,624
#e2c890,624
#7d7674,624
#5d4235,624
#cc9c8f,624
#ece6f0,625
#f7ecd7,625
#355e3b,625
#66cc00,625
#2f5d9a,625
#bc9404,626
#3e373d,626
#112d55,626
#f7ae1d,626
#fffcbc,626
#c2c1e2,627
#f2f3ec,627
#755f4f,627
#222836,627
#57741f,627
#d6cab2,628
#c66e00,628
#c51818,628
#9b9da4,628
#d62d20,628
#748282,629
#f76c5e,629
#8c9cc0,629
#ff9cd0,629
#e1e1d9,629
#992a00,630
#d4bf4c,630
#1db790,630
#d995b3,630
#b18577,630
#d9c8ba,631
#cdede3,631
#5d2614,631
#5290ac,631
#4a230a,631
#efcfcf,632
#fafafa,632
#bd099c,632
#d6b228,632
#d29433,632
#f2f2f2,633
#c78c79,633
#ca4a4a,633
#6f8a5a,633
#c4a76b,633
#0f52ba,634
#f2dcda,634
#ff7403,634
#fce7d5,634
#f28a3d,634
#77886f,635
#af1515,635
#a41623,635
#e4d5c1,635
#a3bdf8,635
#9fff81,636
#2a2d38,636
#6e6b9c,636
#241964,636
#dfd2c3,636
#49524d,637
#adbac7,637
#c8bda1,637
#cd91e3,637
#0f0c26,637
#f5e1b2,638
#bed1f1,638
#c9cdd0,638
#0c4465,638
#525252,638
#dca5c3,639
#d5d7d2,639
#ff944b,639
#efa9de,639
#f38f11,639
#4d3514,640
#ff9b54,640
#76c893,640
#fc7f7f,640
#a6a87a,640
#87998e,641
#957607,641
#e4b456,641
#28282b,641
#5c3b91,641
#b7d4e8,642
#0d2e4f,642
#f4ec7c,642
#b3ad7e,642
#7c3b30,642
#080821,643
#d3caa3,643
#ffc1e0,643
#445058,643
#375057,643
#1a7169,644
#d6a6b2,644
#fe616e,644
#5b3121,644
#15062a,644
#6f4e37,645
#1b0132,645
#191970,645
#96a9b5,645
#fac64a,645
#010017,646
#b4e7da,646
#a5713c,646
#b6d3dc,646
#004b92,646
#975e94,647
#211818,647
#0d2e0c,647
#581a3b,647
#003527,647
#c2d1b0,648
#dabaa5,648
#75380e,648
#d40e00,648
#b11872,648
#d06a2c,649
#fc6c85,649
#f9e5e1,649
#ae6312,649
#5ee002,649
#ead5b7,650
#f7afcb,650
#11262f,650
#546a48,650
#916d81,650
#efbbcc,651
#705348,651
#fbb466,651
#f3b9a4,651
#d99d5d,651
#cc0000,652
#f2a684,652
#272727,652
#87421f,652
#6d765b,652
#b77653,653
#a87676,653
#4c4103,653
#e6b477,653
#911818,653
#0e6647,654
#2f2f2f,654
#8b846c,654
#909ec5,654
#8b1e5e,654
#881f29,655
#3b0c04,655
#c33d0d,655
#a43c34,655
#ffa56c,655
#7b5b4b,656
#fcfcfc,656
#72dfb8,656
#75afc4,656
#88176a,656
#8a3209,657
#4df4da,657
#b00b1e,657
#a50930,657
#90405f,657
#d6abc9,658
#8c9d8d,658
#101739,658
#3e2459,658
#456c9e,658
#63749c,659
#9b7e69,659
#3f4551,659
#403a39,659
#ff6b00,659
#140e12,660
#09a5f6,660
#d7c227,660
#15696f,660
#756f70,660
#1a1110,661
#02192e,661
#990000,661
#7b3f1a,661
#e9eef4,661
#393939,662
#654229,662
#feba6d,662
#4f7463,662
#2cacc5,662
#5da2c4,663
#edc1be,663
#f9c168,663
#cecbc6,663
#7bcaef,663
#ffeefe,664
#63424b,664
#bb0e2c,664
#5e8042,664
#79456c,664
#6d848c,665
#fff8e5,665
#2e1b33,665
#545434,665
#023e8a,665
#5e1914,666
#f2dfd1,666
#9a5b8a,666
#42c24a,666
#772200,666
#e0aa30,667
#b2718f,667
#d2691e,667
#d8f7fd,667
#f9c6ab,667
#f7729c,668
#ead1dc,668
#7fe6d2,668
#f3f4f6,668
#eb8702,668
#cfcfcf,669
#02b9cc,669
#71513d,669
#ffe5b4,669
#4d6209,669
#e0cbb6,670
#adabac,670
#58809c,670
#378795,670
#e391a8,670
#444444,671
#f8d831,671
#211915,671
#5c2c6d,671
#f4d5b0,671
#adf638,672
#646161,672
#fcc4a5,672
#cb153a,672
#3e213f,672
#eebfe3,673
#055133,673
#b80000,673
#ffebd2,673
#c9692c,673
#d1480d,674
#ac3b61,674
#696969,674
#c65630,674
#a79513,674
#fce8a4,675
#dbb42c,675
#259c9d,675
#f4ebd0,675
#2c355c,675
#f8e2c4,676
#6a422a,676
#88b390,676
#e6862e,676
#c0b0a4,676
#edd3a4,677
#0e0d0e,677
#348567,677
#191718,677
#efeff1,677
#85d0da,678
#61696a,678
#6c757d,678
#c5c5a2,678
#f5bc8c,678
#bf7f29,679
#00ce59,679
#cdcdcd,679
#93a293,679
#dcd7db,679
#f36736,680
#7c5561,680
#cbccb5,680
#3b393b,680
#ffaa16,680
#fa72a8,681
#d2371f,681
#0e0e0e,681
#131313,681
#3b4537,681
#f2a987,682
#000507,682
#bc5e5e,682
#692c30,682
#b4cce4,682
#525f9e,683
#ffde26,683
#eedec5,683
#2a3439,683
#e64285,683
#01efac,684
#b6dce4,684
#f50000,684
#cd7241,684
#488070,684
#6ea0c4,685
#f6d155,685
#505455,685
#3c3939,685
#d6ad31,685
#398c8b,686
#86b13f,686
#a0522d,686
#b58a8a,686
#eee5d1,686
#66759c,687
#92a87a,687
#b5c8cc,687
#2937a6,687
#4b4b4b,687
#3f55d8,688
#ff7518,688
#b5877b,688
#b38728,688
#6f84ce,688
#0d3f4c,689
#3f497e,689
#f5e9dc,689
#bae000,689
#003f90,689
#a3e8e0,690
#c23b00,690
#e0c8c8,690
#371f34,690
#fdfff5,690
#4a6b5c,691
#94b568,691
#b5c78b,691
#43555f,691
#ee006c,691
#44dc6f,692
#5c2a36,692
#d1bbf9,692
#ffcdfe,692
#888f7a,692
#055a8f,693
#e0e0e0,693
#c52c1a,693
#ffad5a,693
#c9b89b,693
#ece4db,694
#e9efe6,694
#40826d,694
#01cbae,694
#bf9922,694
#aea9aa,695
#071f3b,695
#d38c24,695
#8ea9db,695
#92d6c3,695
#bde3c1,696
#ead533,696
#bbb477,696
#f7f5f9,696
#fbf6f1,696
#2f162c,697
#e5b9a2,697
#666600,697
#e8e6f4,697
#3ad14c,697
#863b2e,698
#f6eff9,698
#5c5c7a,698
#354e54,698
#560d0d,698
#b04472,699
#d4bcb4,699
#1f0f03,699
#00563f,699
#ae0001,699
#211301,700
#e1e1e1,700
#b3828c,700
#1e1133,700
#9f3409,700
#c0aca9,701
#1b3c1e,701
#ffc039,701
#727a59,701
#dd0000,701
#cf8edb,702
#e3dd9a,702
#c04657,702
#7da182,702
#48576b,702
#e34c3e,703
#b8c4a0,703
#7a7f9c,703
#111822,703
#d0e0e3,703
#cbc9c9,704
#9b1212,704
#d09c90,704
#4e703f,704
#aa4a44,704
#2e0709,705
#6f1851,705
#bccbe2,705
#c1c7da,705
#fddb0d,705
#32cd32,706
#aa3c01,706
#b0a3b2,706
#6b7fe6,706
#3c3c3c,706
#a44024,707
#251f15,707
#fbfe71,707
#372d2c,707
#2f195f,707
#e3ebcf,708
#d2601a,708
#264a95,708
#e779ab,708
#e0ddcc,708
#b2c9a8,709
#f4cccc,709
#45818e,709
#232323,709
#90e0ef,709
#ffc3e8,710
#9c6e59,710
#bf27f1,710
#fea978,710
#283003,710
#696257,711
#7a3b45,711
#03bfff,711
#91482f,711
#b89e8e,711
#fbd013,712
#00ff33,712
#7a8855,712
#b75974,712
#c75c7c,712
#03071e,713
#516ea9,713
#570c5d,713
#806400,713
#022a7d,713
#ff3366,714
#1c476e,714
#f8f4aa,714
#0079bf,714
#584009,714
#c4e0e4,715
#95adb2,715
#93a884,715
#3e5c76,715
#282e3a,715
#7a5170,716
#dde6c2,716
#3a3a3b,716
#444c38,716
#78c5b7,716
#ff8888,717
#c44536,717
#f2f8f2,717
#b7a0c7,717
#610d0d,717
#23e1e6,718
#b72a7a,718
#eb6f19,718
#8f9294,718
#b84605,718
#88b34c,719
#f5bf42,719
#f3c13a,719
#b1f1ef,719
#3d5a6c,719
#d96f2d,720
#f7c627,720
#516787,720
#daf284,720
#da8907,720
#e913ff,721
#a43838,721
#524042,721
#10069f,721
#ef4000,721
#dc143c,722
#3eacec,722
#c1bcb8,722
#4c97ff,722
#545d68,722
#c01f26,723
#e8df5a,723
#ff8301,723
#d49fa4,723
#f69f88,723
#c63e32,724
#f37748,724
#b5d7f5,724
#402633,724
#293047,724
#a92f00,725
#919193,725
#ffeadf,725
#ff869b,725
#8b1a1e,725
#98b1c8,726
#e9f282,726
#fefefe,726
#f8f8f8,726
#310707,726
#8b5b2b,727
#f08080,727
#a7e7e6,727
#f7d6da,727
#f2d05e,727
#faf0e6,728
#cceeff,728
#6a6363,728
#3b5ba0,728
#5e5c93,728
#ffac86,729
#101d2e,729
#533371,729
#f99a3c,729
#65c415,729
#ead0cb,730
#9c8a9a,730
#f7c664,730
#8a4e4e,730
#111111,730
#333f46,731
#91c143,731
#97c62f,731
#cbb08c,731
#c2b4a4,731
#f96ed8,732
#e8f0fb,732
#8d061f,732
#394c52,732
#fb5d3b,732
#fe6f5e,733
#72b1de,733
#f4f6cf,733
#ffe909,733
#fdf5e6,733
#d4cfc9,734
#4a2d7a,734
#8fb79e,734
#527c70,734
#f89a0f,734
#af3e3e,735
#f898a4,735
#692e4b,735
#9c0000,735
#03c03c,735
#eacbbe,736
#7be7e7,736
#a25f2e,736
#00e9ff,736
#d2c86e,736
#fdc2e6,737
#ffbf00,737
#12c7e3,737
#eeeeee,737
#ffd966,737
#d0ac70,738
#609985,738
#d4f488,738
#4c2c3e,738
#4c6eb1,738
#fcd7fa,739
#b8b8b8,739
#f23b4f,739
#b58113,739
#400118,739
#19412c,740
#949f7b,740
#f6eadc,740
#6075e8,740
#99d98c,740
#4f6367,741
#a3c4dc,741
#1c7270,741
#f4f5f8,741
#b88282,741
#16537c,742
#a3aaae,742
#c8c3c3,742
#dadada,742
#f4ccd4,742
#0e0057,743
#3b392e,743
#ac843c,743
#571133,743
#c2ab68,743
#263a26,744
#c3b6ac,744
#a0785a,744
#29325c,744
#ffc4ff,744
#345d3b,745
#f9ebc3,745
#999999,745
#2a1a3f,745
#d84d10,745
#c3b185,746
#710000,746
#f59739,746
#ffc2cd,746
#4276a1,746
#273039,747
#c2a878,747
#b7c9a8,747
#c09f96,747
#cac6b2,747
#f4d8a7,748
#efef97,748
#26348b,748
#cb946e,748
#52d6d1,748
#d8cfe5,749
#ffcc66,749
#5efdba,749
#796e54,749
#783f04,749
#fe2a28,750
#b08968,750
#605f5b,750
#729bba,750
#b4ab96,750
#f2c09c,751
#00e0ff,751
#a393c6,751
#8c4026,751
#a15b5b,751
#35fadf,752
#b8cacc,752
#f1c232,752
#bad000,752
#8a3930,752
#537145,753
#6c5c9b,753
#b88b61,753
#bdbf34,753
#a2f39c,753
#e6511e,754
#408ec6,754
#bddbbf,754
#d5d5d5,754
#184e77,754
#bbe666,755
#2ea836,755
#c72a00,755
#aec881,755
#5d1839,755
#f27daa,756
#e6e4d5,756
#ad0051,756
#43334f,756
#218a93,756
#33ff66,757
#665086,757
#a8587c,757
#0f4f36,757
#e3c747,757
#a28fbd,758
#f9f7f6,758
#c8e6b7,758
#004e80,758
#fbff6d,758
#ff6360,759
#e7ded7,759
#f8d9d6,759
#d8a46f,759
#8658a5,759
#c8d1c0,760
#c3c6ff,760
#c48c44,760
#313131,760
#3b9cff,760
#ffca28,761
#3e005d,761
#a59cac,761
#d8a27f,761
#881c3e,761
#727cb4,762
#23251c,762
#5c2e2e,762
#c3bacd,762
#7b323d,762
#378bbd,763
#001565,763
#370e1c,763
#f8fafc,763
#151515,763
#e48102,764
#40010d,764
#f50540,764
#9ba8b3,764
#e95f26,764
#6dadd7,765
#fdf7ea,765
#4a5d53,765
#1d7964,765
#a46c4c,765
#848c8c,766
#742cbc,766
#f7f6f1,766
#43b48b,766
#767f64,766
#cdf0e9,767
#915378,767
#c8c2dc,767
#fdbcc7,767
#ff6600,767
#ff7f24,768
#6569e0,768
#ff9966,768
#b7c1a1,768
#488c4c,768
#8f2e16,769
#f1b194,769
#7c7349,769
#969e20,769
#241f3b,769
#ff8139,770
#fee11e,770
#6a25ff,770
#4f3b38,770
#69c0ab,770
#f8cff0,771
#002fa7,771
#fca4bc,771
#5fa7ff,771
#040404,771
#6224ff,772
#5bc0eb,772
#7b9939,772
#10540e,772
#a16363,772
#5e9695,773
#349861,773
#e8a798,773
#d41935,773
#fdddc4,773
#447c61,774
#d7c0b3,774
#ffe47f,774
#ffe9aa,774
#1c715e,774
#325089,775
#dacccc,775
#fbf8f4,775
#efe256,775
#b3bddb,775
#84acbc,776
#ffd166,776
#6392ce,776
#db163a,776
#bfa200,776
#803621,777
#8cd3b1,777
#fee1f6,777
#1e1e1e,777
#8dc8d6,777
#a05f35,778
#2a4099,778
#621ecd,778
#8b2222,778
#d1523f,778
#4e4e32,779
#1dadd3,779
#f883d7,779
#d293ac,779
#f2d4bc,779
#ead9a4,780
#d4c3ec,780
#decebd,780
#2e343f,780
#8a9a5b,780
#d39f8c,781
#f2ddbe,781
#4d8cc5,781
#d38b8b,781
#ddeab7,781
#2f1e17,782
#c1fedd,782
#a8c3a0,782
#008744,782
#5a5048,782
#5a5047,783
#00262f,783
#c9f6f5,783
#4c3223,783
#be5124,783
#ffdbf6,784
#fc7288,784
#59029b,784
#ddc7c6,784
#e0b25c,784
#e39aa9,785
#4328cb,785
#91afe6,785
#c8a2c8,785
#fce5c0,785
#6fb9d7,786
#003a7a,786
#293861,786
#3d3145,786
#d22551,786
#d9d6e0,787
#222b29,787
#eecfcc,787
#46302e,787
#f9f4e3,787
#c59cff,788
#01141f,788
#59626e,788
#ff5e6c,788
#ff00c1,788
#e1485c,789
#deb093,789
#81ab9b,789
#fc84c7,789
#f50045,789
#a59cab,790
#6b8bb1,790
#b56910,790
#cc73aa,790
#251c2b,790
#2e4b31,791
#fe8d27,791
#d5c020,791
#b8d648,791
#f8eded,791
#7183b7,792
#6e7295,792
#162b3c,792
#002790,792
#a6c7df,792
#cf7a92,793
#8b8b8b,793
#efd8d8,793
#e3ba72,793
#c3e9f8,793
#81948f,794
#ff6666,794
#6e2e2e,794
#55df03,794
#722f37,794
#222847,795
#efd1b9,795
#551100,795
#f98b88,795
#55544c,795
#d62828,796
#d783c9,796
#a4ac4a,796
#d6a24f,796
#c2b3b3,796
#42a6ff,797
#71354d,797
#002d5a,797
#c62828,797
#aa0075,797
#515154,798
#814e4e,798
#48252f,798
#e3d9c6,798
#784282,798
#c2b280,799
#8484a1,799
#475faf,799
#fbe6a2,799
#b9d8c2,799
#897f7f,800
#dd8800,800
#60463b,800
#03b1c0,800
#ccc2e7,800
#a6acaa,801
#cd9bff,801
#b2b2b2,801
#e8142b,801
#ff78d3,801
#d92020,802
#f4a277,802
#edd4d7,802
#fd6b3a,802
#664d45,802
#262222,803
#efb4bf,803
#cebca6,803
#937259,803
#06ff9d,803
#af1414,804
#f47400,804
#b7daeb,804
#ffe4e1,804
#6f0000,804
#f5cd30,805
#b3ec6f,805
#b77350,805
#ffb4d5,805
#b7b46a,805
#550000,806
#8b8370,806
#ca9d08,806
#c0e069,806
#eaf4f4,806
#996633,807
#f6f9ff,807
#ffe700,807
#f7e165,807
#4f2420,807
#405515,808
#d83f3f,808
#a7a9ac,808
#f4eadc,808
#faf8f5,808
#b2ac88,809
#604055,809
#d7889b,809
#0e5949,809
#feed00,809
#f2f0ed,810
#e2e5e6,810
#e6c3b0,810
#3e6bb4,810
#fcf1ee,810
#6d1c1c,811
#9b550d,811
#fdfbf7,811
#3333d7,811
#ba996a,811
#0033ff,812
#ea085d,812
#a7a7e8,812
#800000,812
#ade8f4,812
#bce6c6,813
#15392f,813
#1c4154,813
#ea0b0b,813
#ffd95a,813
#ffbcdc,814
#9eb0c1,814
#51247a,814
#68727d,814
#0a0a0a,814
#faedf3,815
#a2c178,815
#6c5ce7,815
#faf3e0,815
#5c4d70,815
#978245,816
#cd88cd,816
#777f3d,816
#e4d9ce,816
#6c0000,816
#8e806f,817
#a2c9ec,817
#914535,817
#eeffcc,817
#c6a954,817
#d2b48c,818
#99d9ea,818
#fdde6c,818
#9966cc,818
#a44abf,818
#f7a40d,819
#fee440,819
#29ff00,819
#ce91e7,819
#945762,819
#f9f8f4,820
#fff5ff,820
#b5c0c9,820
#f184b7,820
#177810,820
#f6f38e,821
#cbe4c9,821
#004333,821
#77492c,821
#bbbbbb,821
#e4b980,822
#94b9eb,822
#dc7b6e,822
#b4aaef,822
#4e4d03,822
#fec5bb,823
#581460,823
#fcf3e4,823
#f56f12,823
#eebaa4,823
#dee5eb,824
#f9ead2,824
#d89ca8,824
#410056,824
#813344,824
#073763,825
#490b4e,825
#8d3636,825
#1e2761,825
#b6d98e,825
#44583b,826
#f4a460,826
#fffe9a,826
#2c0800,826
#78e3ad,826
#c9c9c9,827
#9898b6,827
#a69ac5,827
#3b040a,827
#cc8d18,827
#3da0d8,828
#d5b4e7,828
#b7c4a9,828
#93dafe,828
#d6c4cf,828
#e18916,829
#2972b6,829
#226035,829
#8b8000,829
#f1faee,829
#e1dbd8,830
#dfdede,830
#551d28,830
#faa337,830
#fffeff,830
#00cfbf,831
#a0a1ae,831
#f6b26b,831
#b88c7a,831
#eec18e,831
#ace1af,832
#ebb882,832
#d7ab9b,832
#f3d27c,832
#14293a,832
#d3c0b0,833
#9c5744,833
#0f3854,833
#ea6727,833
#e02222,833
#4c2d12,834
#fff4fa,834
#d8d1c6,834
#b871fc,834
#6bcb3c,834
#8d4444,835
#4d8c57,835
#fbad18,835
#b6c6c0,835
#9b896b,835
#53b6ff,836
#43291f,836
#c0a1d1,836
#008381,836
#7d7d7d,836
#e26d1c,837
#00ffff,837
#24496b,837
#63b9d3,837
#dbeaf7,837
#c6d0d5,838
#ddd0be,838
#e99830,838
#98a090,838
#847171,838
#fdf7e3,839
#526374,839
#b36d32,839
#84c1e7,839
#c6a664,839
#abacad,840
#5f6651,840
#625d52,840
#ef4673,840
#99476e,840
#365580,841
#251701,841
#ab4112,841
#ff5e65,841
#7a0f0f,841
#d8a7b1,842
#4b4e7a,842
#28273b,842
#33ccff,842
#0183d5,842
#b77c0e,843
#014a3f,843
#7b846e,843
#d4242c,843
#e0115f,843
#1e4c45,844
#017a74,844
#2e1408,844
#39393e,844
#fff0f0,844
#fa8b43,845
#d4526e,845
#ccc3b9,845
#a5653b,845
#d7885b,845
#9f18ce,846
#98c9ea,846
#f4d4d4,846
#0c1c3c,846
#00c886,846
#d4af37,847
#39cc6a,847
#9f806f,847
#581845,847
#8aa4aa,847
#fc3c84,848
#ffd3b8,848
#ffff4a,848
#c3b055,848
#0b3757,848
#b09260,849
#b67819,849
#e7e00d,849
#f7e4da,849
#f70739,849
#e2e0d2,850
#d2b18e,850
#e8d7a6,850
#f3f6f2,850
#99edc3,850
#b20c34,851
#0c3450,851
#720026,851
#cec2a9,851
#b28395,851
#ff6213,852
#50504b,852
#2e323b,852
#ecadd4,852
#f88379,852
#fffc8d,853
#208888,853
#e69a0e,853
#14250d,853
#1adc27,853
#d1997f,854
#54478e,854
#6b0a0a,854
#1c211b,854
#2aff1d,854
#5901ce,855
#8eaecb,855
#933c4e,855
#edd7d7,855
#58a7e4,855
#812f47,856
#fab492,856
#fcab56,856
#f1bc31,856
#730518,856
#e2ad2a,857
#d0c293,857
#ad0000,857
#fff1fa,857
#0ef754,857
#013328,858
#2a2626,858
#d65c25,858
#2eab67,858
#b4cce6,858
#d7c6e3,859
#9d69ff,859
#2d2927,859
#fe66cb,859
#2a2221,859
#aca1d1,860
#994400,860
#9fa198,860
#aeea00,860
#b3c0b5,860
#fce7e1,861
#82a768,861
#b2e7f1,861
#7d0a73,861
#fb8d28,861
#c42e2e,862
#5799a6,862
#f0609e,862
#f08070,862
#72a0b7,862
#bbd4d0,863
#c4b0f8,863
#b056ff,863
#a287c2,863
#ababab,863
#00a1ae,864
#c00000,864
#b6ccc6,864
#ff3b3f,864
#a91b0d,864
#172319,865
#fbfbfc,865
#00008b,865
#522f1a,865
#2796c3,865
#ff2400,866
#cd7c31,866
#e4dece,866
#8aa50e,866
#e6e3d6,866
#eff6ff,867
#52b69a,867
#14a87c,867
#ffc406,867
#e3cfd1,867
#20365b,868
#5b2f42,868
#00f0ff,868
#d8b68a,868
#808000,868
#f3e6d0,869
#611385,869
#271f4d,869
#5d5e39,869
#fcf9cc,869
#8c8a85,870
#b6392a,870
#7a0000,870
#6d8d30,870
#771929,870
#94b7d1,871
#f2f2f3,871
#2a2b2a,871
#f3eed8,871
#199d70,871
#fc44b4,872
#fddf77,872
#6d9773,872
#0a6129,872
#fec89a,872
#228b22,873
#c99700,873
#bbe0f2,873
#984800,873
#846c89,873
#d8c718,874
#5f1c30,874
#2f5233,874
#fff0de,874
#add0bb,874
#2c71b1,875
#e0e0de,875
#f54545,875
#b0ca6a,875
#60fb1e,875
#d76c70,876
#38a2c3,876
#a29d9a,876
#ffff33,876
#b8b0a3,876
#beda8f,877
#ddd7ca,877
#724851,877
#472849,877
#5b2982,877
#f4a896,878
#436d6c,878
#a8a29e,878
#9056e5,878
#d1cbd5,878
#234573,879
#c7e6c3,879
#39576f,879
#07161b,879
#e18319,879
#d1af84,880
#abdec2,880
#c0685d,880
#2986cc,880
#f9fafc,880
#511f1d,881
#e0ce57,881
#e5ffff,881
#8688c6,881
#e37c47,881
#cffdfb,882
#a1bfa8,882
#30394a,882
#6aee1d,882
#3e3e3e,882
#ccffcc,883
#b0a999,883
#c5a953,883
#428724,883
#556b2f,883
#2c3038,884
#d8a7ca,884
#ad8186,884
#808cb1,884
#62657a,884
#963320,885
#7c8c84,885
#af9580,885
#b6ef69,885
#6e0a0c,885
#ab8030,886
#66ffff,886
#cdcd00,886
#baff04,886
#e8ad85,886
#574b37,887
#906169,887
#513838,887
#ffeb9e,887
#f6f5f3,887
#a0afcb,888
#d4d1ca,888
#f3e818,888
#3c0401,888
#009ed0,888
#e07a5f,889
#6c5747,889
#654d45,889
#fba146,889
#50967f,889
#7a5b3a,890
#ca5ae0,890
#6aa84f,890
#2926a1,890
#9b79b9,890
#5b2525,891
#a5bf69,891
#3a0708,891
#4e71ca,891
#018e33,891
#251a1a,892
#ff7675,892
#ff2079,892
#9c9483,892
#73c2b5,892
#abcccd,893
#7bc7ce,893
#af4261,893
#368c62,893
#5f0909,893
#d47c4f,894
#fff9e0,894
#d89b94,894
#caf0f8,894
#f23219,894
#830d0d,895
#472a2e,895
#c1b4a4,895
#dfbebe,895
#6c1010,895
#e1f683,896
#9499a6,896
#80ccc8,896
#ffea3c,896
#e50914,896
#211d47,897
#b87333,897
#171819,897
#3d2e2e,897
#321a18,897
#3300ff,898
#3d55c6,898
#8e8e8e,898
#525e0e,898
#8fd7ad,898
#ab741f,899
#f4a261,899
#ecdaca,899
#a5acb5,899
#a64d79,899
#ffeacf,900
#f4ceab,900
#545454,900
#1176c0,900
#d9c5ad,900
#b69bbb,901
#e5dad4,901
#6a1c3e,901
#bfa5c9,901
#3b3e06,901
#15639d,902
#8ea8a0,902
#757575,902
#9dc6a5,902
#828382,902
#dc9454,903
#c84422,903
#471e71,903
#580d0d,903
#e4c09f,903
#a8b8bd,904
#232020,904
#ff6347,904
#c7aed4,904
#4a656f,904
#ff5800,905
#3d72b4,905
#ffeded,905
#fdf7e9,905
#55eeaa,905
#ca959d,906
#a3ae9e,906
#e0deda,906
#e8a598,906
#da291b,906
#ae18ee,907
#c2b2d5,907
#f4ab36,907
#d1ddf1,907
#1b2026,907
#e8b47c,908
#b3e6e0,908
#009999,908
#f8f8f0,908
#a69cb0,908
#d28976,909
#c7c7bb,909
#580821,909
#7a8319,909
#c012ff,909
#ddc0b4,910
#9e6c69,910
#f3ede0,910
#fea8c5,910
#080758,910
#231f1d,911
#8389b0,911
#ff53bf,911
#03ac13,911
#d8a39d,911
#4b1521,912
#e0c09c,912
#ccb076,912
#71ff56,912
#a2adbb,912
#1c3a6d,913
#bed000,913
#365a98,913
#6a62ad,913
#683805,913
#c50ed9,914
#4c4c4c,914
#6eadb2,914
#9f5508,914
#a7d2cf,914
#14b485,915
#855cd6,915
#cfa17a,915
#6573b5,915
#e1d4d6,915
#6e1340,916
#f4fbe2,916
#a90bd0,916
#fad9a7,916
#e2dcbc,916
#6fff27,917
#a0d6cb,917
#8fab43,917
#eecbff,917
#edb6bc,917
#5802e4,918
#33c9c9,918
#637e49,918
#ffefd0,918
#140000,918
#80001a,919
#d16856,919
#eff3f7,919
#f0000f,919
#d50032,919
#a1759c,920
#855f35,920
#caf2ff,920
#cfd4c7,920
#b61e23,920
#736237,921
#f8f8f5,921
#d2b474,921
#fd6f28,921
#667c7e,921
#7a0c0c,922
#fcd5ce,922
#cf27c2,922
#7979c1,922
#1bbc68,922
#fff18c,923
#8c9180,923
#794633,923
#a80b2a,923
#97a1a3,923
#384f4c,924
#b8d3ac,924
#356f72,924
#df989e,924
#fcedd6,924
#6eff6c,925
#5e3584,925
#a61c1c,925
#5bb0c9,925
#04bd8c,925
#fff6e9,926
#c0c0c4,926
#c24e2c,926
#0e73c0,926
#fdf5eb,926
#3f6d5b,927
#e7d8c9,927
#962a8b,927
#7d880e,927
#7d86a1,927
#d9d3ae,928
#dac369,928
#b0d0a4,928
#c3c8d9,928
#d0cfb3,928
#ba5a1b,929
#5e3623,929
#696a8e,929
#8c7bef,929
#094b55,929
#6d4023,930
#2b2727,930
#344315,930
#804a00,930
#8775cf,930
#848c04,931
